Rk,Player,Pos,Age,Tm,G,GS,MP,FG,FGA,FG%,3P,3PA,3P%,2P,2PA,2P%,eFG%,FT,FTA,FT%,ORB,DRB,TRB,AST,STL,BLK,TOV,PF,PTS
1,Precious Achiuwa,PF,24,NYK,9,2,20.4,2.3,4.8,0.488,0.0,0.3,0.0,2.3,4.4,0.525,0.488,0.6,1.4,0.385,2.4,1.8,4.2,0.6,0.4,1.3,0.4,2.2,5.2
2,Bam Adebayo,C,26,MIA,5,5,38.4,9.6,19.4,0.495,0.4,2.0,0.2,9.2,17.4,0.529,0.505,3.0,4.2,0.714,2.2,7.2,9.4,3.8,0.4,0.0,1.6,3.0,22.6
3,Nickeil Alexander-Walker,SG,25,MIN,12,1,26.3,3.0,8.1,0.371,1.8,5.8,0.304,1.3,2.3,0.536,0.479,0.7,0.7,1.0,0.4,1.5,1.9,2.6,0.6,0.4,0.9,1.8,8.4
4,Grayson Allen,SG,28,PHO,2,2,21.5,0.5,2.5,0.2,0.5,2.5,0.2,0.0,0.0,0.0,0.3,2.0,2.0,1.0,1.0,3.0,4.0,1.0,0.5,0.0,1.5,2.0,3.5
5,Jarrett Allen,C,25,CLE,4,4,31.8,6.3,9.3,0.676,0.0,0.0,0.0,6.3,9.3,0.676,0.676,4.5,6.5,0.692,3.8,10.0,13.8,1.3,1.3,1.0,1.3,2.0,17.0
6,Jose Alvarado,PG,25,NOP,4,0,15.5,0.8,5.0,0.15,0.3,3.5,0.071,0.5,1.5,0.333,0.175,0.0,0.0,0.0,0.0,1.0,1.0,2.3,1.3,0.3,1.0,0.8,1.8
7,Kyle Anderson,PF,30,MIN,11,1,12.4,1.4,3.1,0.441,0.1,0.4,0.25,1.3,2.7,0.467,0.456,0.6,0.7,0.875,1.3,1.3,2.5,2.1,0.5,0.2,0.6,1.5,3.5
8,Thanasis Antetokounmpo,PF,31,MIL,2,0,2.5,0.0,0.0,0.0,0.0,0.0,0.0,0.0,0.0,0.0,0.0,0.0,0.0,0.0,0.0,0.0,0.0,0.0,0.5,0.5,0.0,0.5,0.0
9,Cole Anthony,PG,23,ORL,7,0,14.7,1.9,5.9,0.317,0.3,1.9,0.154,1.6,4.0,0.393,0.341,1.1,1.3,0.889,0.3,1.9,2.1,1.3,0.6,0.1,0.7,2.3,5.1
10,OG Anunoby,SF,26,NYK,9,9,36.0,6.2,12.3,0.505,1.8,4.3,0.41,4.4,8.0,0.556,0.577,0.9,1.4,0.615,0.8,5.2,6.0,1.1,0.9,1.0,1.1,1.7,15.1
11,Paolo Banchero,PF,21,ORL,7,7,37.4,9.7,21.3,0.456,2.3,5.7,0.4,7.4,15.6,0.477,0.51,5.3,7.0,0.755,2.0,6.6,8.6,4.0,1.1,0.6,4.6,2.0,27.0
12,Nicolas Batum,PF,35,PHI,6,0,28.3,2.0,4.8,0.414,1.5,3.7,0.409,0.5,1.2,0.429,0.569,0.8,1.3,0.625,1.5,4.3,5.8,1.3,0.2,0.8,0.8,2.2,6.3
13,Bradley Beal,SG,30,PHO,4,4,38.5,6.5,14.8,0.441,2.5,5.8,0.435,4.0,9.0,0.444,0.525,1.0,1.3,0.8,1.5,1.3,2.8,4.5,0.8,0.3,3.3,3.8,16.5
14,Malik Beasley,SG,27,MIL,6,2,21.8,3.5,6.8,0.512,1.8,4.2,0.44,1.7,2.7,0.625,0.646,0.0,0.0,0.0,0.2,2.3,2.5,0.7,0.7,0.0,0.5,1.5,8.8
15,MarJon Beauchamp,SF,23,MIL,4,0,2.5,0.3,1.0,0.25,0.0,0.5,0.0,0.3,0.5,0.5,0.25,0.3,0.5,0.5,0.0,0.3,0.3,0.5,0.0,0.0,0.3,0.3,0.8
16,Patrick Beverley,PG,35,MIL,6,6,35.0,2.7,6.5,0.41,0.7,1.8,0.364,2.0,4.7,0.429,0.462,2.2,2.5,0.867,0.7,2.7,3.3,5.5,1.0,0.7,1.0,2.7,8.2
17,Goga Bitadze,C,24,ORL,2,0,5.0,0.0,1.0,0.0,0.0,0.0,0.0,0.0,1.0,0.0,0.0,0.0,0.0,0.0,0.5,1.0,1.5,1.0,0.0,0.0,0.5,0.0,0.0
18,Anthony Black,PG,20,ORL,2,0,5.5,1.5,3.5,0.429,0.0,1.0,0.0,1.5,2.5,0.6,0.429,0.0,0.0,0.0,0.5,0.5,1.0,1.0,0.5,0.0,0.5,0.5,3.0
19,Bojan Bogdanovi?,SF,34,NYK,4,0,12.8,1.8,6.0,0.292,1.5,3.8,0.4,0.3,2.3,0.111,0.417,1.0,1.8,0.571,0.3,2.8,3.0,1.0,0.0,0.3,0.3,0.8,6.0
20,Bol Bol,PF,24,PHO,3,0,4.3,0.3,1.0,0.333,0.0,0.0,0.0,0.3,1.0,0.333,0.333,0.0,0.0,0.0,0.0,1.3,1.3,0.0,0.3,0.0,0.0,0.7,0.7
21,Devin Booker,PG,27,PHO,4,4,41.5,8.0,16.3,0.492,1.8,5.0,0.35,6.3,11.3,0.556,0.546,9.8,10.3,0.951,0.3,3.0,3.3,6.0,1.8,0.3,2.8,4.5,27.5
22,Brandon Boston Jr.,SF,22,LAC,3,0,3.3,0.7,1.3,0.5,0.0,0.0,0.0,0.7,1.3,0.5,0.5,0.3,0.7,0.5,0.3,0.3,0.7,0.3,0.0,0.0,0.0,0.7,1.7
23,Christian Braun,SG,22,DEN,12,0,17.0,1.9,4.5,0.426,0.3,1.5,0.222,1.6,3.0,0.528,0.463,0.9,1.3,0.688,0.8,1.9,2.7,0.8,0.2,0.4,0.1,1.5,5.1
24,Oshae Brissett,SF,25,BOS,5,0,3.2,0.6,1.2,0.5,0.2,0.2,1.0,0.4,1.0,0.4,0.583,0.0,0.4,0.0,0.4,1.0,1.4,0.0,0.0,0.0,0.2,0.0,1.4
25,Jaylen Brown,SF,27,BOS,11,11,35.9,9.4,17.1,0.548,1.7,4.8,0.358,7.6,12.3,0.622,0.598,2.9,4.7,0.615,1.3,5.4,6.6,2.7,0.9,0.5,2.8,2.3,23.4
26,Kendall Brown,SG,20,IND,6,0,3.5,0.3,1.0,0.333,0.0,0.0,0.0,0.3,1.0,0.333,0.333,0.0,0.0,0.0,0.0,0.5,0.5,0.0,0.0,0.2,0.3,0.3,0.7
27,Kobe Brown,PF,24,LAC,3,0,3.3,0.0,0.0,0.0,0.0,0.0,0.0,0.0,0.0,0.0,0.0,0.0,0.0,0.0,0.3,0.3,0.7,0.0,0.0,0.0,0.0,0.3,0.0
28,Jalen Brunson,PG,27,NYK,13,13,39.8,11.6,26.2,0.444,2.0,6.5,0.31,9.6,19.7,0.488,0.482,7.2,9.2,0.775,0.6,2.7,3.3,7.5,0.8,0.2,2.7,2.0,32.4
29,Thomas Bryant,C,26,MIA,2,0,9.0,2.5,3.5,0.714,0.0,1.0,0.0,2.5,2.5,1.0,0.714,1.0,1.5,0.667,1.0,1.5,2.5,0.5,0.0,0.0,1.0,0.5,6.0
30,Alec Burks,SG,32,NYK,6,0,20.2,4.2,8.3,0.5,2.0,4.7,0.429,2.2,3.7,0.591,0.62,4.5,5.3,0.844,0.7,2.7,3.3,1.0,0.2,0.2,0.0,1.0,14.8
31,Kentavious Caldwell-Pope,SG,30,DEN,12,12,35.0,2.8,7.2,0.395,1.5,4.6,0.327,1.3,2.6,0.516,0.5,0.9,0.9,1.0,0.4,2.5,2.9,2.6,1.4,0.4,0.8,3.1,8.1
32,Wendell Carter Jr.,C,24,ORL,7,5,26.4,2.7,6.7,0.404,1.0,3.6,0.28,1.7,3.1,0.545,0.479,1.1,1.6,0.727,1.3,5.0,6.3,1.3,0.7,0.6,0.7,2.9,7.6
33,Amir Coffey,SF,26,LAC,6,3,18.7,1.2,3.7,0.318,0.5,1.8,0.273,0.7,1.8,0.364,0.386,0.0,0.0,0.0,0.3,1.3,1.7,0.3,0.3,0.2,0.8,1.0,2.8
34,Mike Conley,PG,36,MIN,11,11,32.2,3.8,9.6,0.396,2.0,5.2,0.386,1.8,4.5,0.408,0.5,1.2,1.7,0.684,0.5,3.5,4.1,6.2,1.2,0.2,1.5,2.5,10.8
35,Pat Connaughton,SF,31,MIL,6,0,20.7,1.8,4.2,0.44,0.5,1.8,0.273,1.3,2.3,0.571,0.5,0.3,0.3,1.0,0.5,3.3,3.8,2.2,1.0,0.2,0.5,1.0,4.5
36,Jae Crowder,PF,33,MIL,4,0,10.5,0.8,3.0,0.25,0.3,1.8,0.143,0.5,1.3,0.4,0.292,0.5,0.5,1.0,0.5,1.0,1.5,0.5,0.0,0.5,0.0,1.0,2.3
37,Dyson Daniels,PG,20,NOP,3,0,5.7,0.7,2.0,0.333,0.0,0.7,0.0,0.7,1.3,0.5,0.333,0.0,0.0,0.0,0.0,0.7,0.7,0.0,0.7,0.0,0.3,0.0,1.3
38,Anthony Davis,C,30,LAL,5,5,41.6,11.8,18.6,0.634,0.0,1.0,0.0,11.8,17.6,0.67,0.634,4.2,5.2,0.808,3.0,12.6,15.6,4.0,0.4,1.6,2.2,3.8,27.8
39,Mamadi Diakite,PF,27,NYK,4,0,3.8,0.0,0.8,0.0,0.0,0.5,0.0,0.0,0.3,0.0,0.0,0.5,0.5,1.0,0.0,0.8,0.8,0.3,0.3,0.3,0.3,0.8,0.5
40,Ousmane Dieng,PF,20,OKC,4,0,1.8,0.3,0.5,0.5,0.0,0.3,0.0,0.3,0.3,1.0,0.5,0.0,0.0,0.0,0.0,0.0,0.0,0.0,0.0,0.0,0.0,0.0,0.5
41,Spencer Dinwiddie,PG,30,LAL,5,0,14.6,1.0,2.8,0.357,0.4,1.6,0.25,0.6,1.2,0.5,0.429,0.6,1.2,0.5,0.2,1.2,1.4,1.6,0.4,0.2,0.2,1.4,3.0
42,Donte DiVincenzo,SG,27,NYK,13,13,35.8,6.2,14.7,0.419,3.5,8.2,0.425,2.7,6.5,0.412,0.537,2.0,2.3,0.867,1.0,3.0,4.0,2.6,1.2,0.9,1.2,2.2,17.8
43,Luka Don?i?,PG,24,DAL,13,13,41.9,9.6,22.5,0.427,2.8,9.5,0.301,6.8,13.1,0.518,0.49,5.6,7.1,0.793,0.9,8.5,9.4,9.0,1.5,0.5,4.1,2.6,27.7
44,Luguentz Dort,SF,24,OKC,10,10,35.0,3.3,9.1,0.363,2.5,6.4,0.391,0.8,2.7,0.296,0.5,1.6,1.9,0.842,1.9,2.7,4.6,2.0,1.3,0.2,1.1,4.2,10.7
45,Kevin Durant,PF,35,PHO,4,4,42.0,9.3,16.8,0.552,1.3,3.0,0.417,8.0,13.8,0.582,0.59,7.0,8.5,0.824,0.3,6.3,6.5,3.3,0.5,1.5,2.5,2.0,26.8
46,Anthony Edwards,SG,22,MIN,12,12,40.2,9.9,20.0,0.496,3.2,7.9,0.4,6.8,12.1,0.559,0.575,5.1,6.0,0.847,0.9,5.7,6.6,6.1,1.8,0.6,3.2,2.2,28.1
47,Joel Embiid,C,29,PHI,6,6,41.3,9.8,22.2,0.444,2.2,6.5,0.333,7.7,15.7,0.489,0.492,11.2,13.0,0.859,3.2,7.7,10.8,5.7,1.2,1.5,4.2,3.3,33.0
48,Drew Eubanks,C,26,PHO,3,0,12.3,2.3,4.0,0.583,0.0,0.0,0.0,2.3,4.0,0.583,0.583,1.0,1.0,1.0,0.0,1.3,1.3,0.0,0.7,0.3,0.7,2.0,5.7
49,Dante Exum,PG,28,DAL,12,0,6.8,0.6,2.4,0.241,0.2,0.9,0.182,0.4,1.5,0.278,0.276,0.3,0.3,0.75,0.2,0.6,0.8,0.7,0.1,0.1,0.2,0.5,1.6
50,Markelle Fultz,PG,25,ORL,7,0,15.1,2.9,4.9,0.588,0.0,0.1,0.0,2.9,4.7,0.606,0.588,0.7,1.3,0.556,1.0,1.0,2.0,1.1,0.4,0.0,1.1,1.7,6.4
51,Daniel Gafford,PF,25,DAL,13,13,20.8,3.3,6.0,0.551,0.0,0.0,0.0,3.3,6.0,0.551,0.551,2.1,3.4,0.614,2.2,3.6,5.8,0.8,0.3,1.4,1.0,1.5,8.7
52,Danilo Gallinari,SF,35,MIL,3,0,12.3,1.3,2.7,0.5,0.0,0.7,0.0,1.3,2.0,0.667,0.5,1.0,1.3,0.75,0.3,2.7,3.0,0.7,0.0,0.0,0.3,0.0,3.7
53,Darius Garland,PG,24,CLE,12,12,36.0,6.1,14.3,0.427,2.1,5.9,0.352,4.0,8.3,0.48,0.5,1.4,1.8,0.81,0.1,3.5,3.6,5.8,1.1,0.2,2.3,2.8,15.7
54,Luka Garza,C,25,MIN,6,0,3.8,1.2,1.5,0.778,0.3,0.5,0.667,0.8,1.0,0.833,0.889,1.2,1.3,0.875,0.2,0.7,0.8,0.2,0.0,0.0,0.0,0.0,3.8
55,Paul George,PF,33,LAC,6,6,37.0,6.5,15.8,0.411,3.0,8.2,0.367,3.5,7.7,0.457,0.505,3.5,4.2,0.84,0.5,6.3,6.8,4.8,1.2,0.5,2.3,3.7,19.5
56,Josh Giddey,SG,21,OKC,10,8,18.1,3.4,7.5,0.453,1.2,3.4,0.353,2.2,4.1,0.537,0.533,0.7,0.8,0.875,0.7,2.9,3.6,2.1,0.2,0.4,1.2,0.9,8.7
57,Shai Gilgeous-Alexander,PG,25,OKC,10,10,39.9,11.1,22.4,0.496,1.6,3.7,0.432,9.5,18.7,0.508,0.531,6.4,8.1,0.79,0.8,6.4,7.2,6.4,1.3,1.7,2.2,3.1,30.2
58,Rudy Gobert,C,31,MIN,11,11,34.5,4.2,7.0,0.597,0.0,0.0,0.0,4.2,7.0,0.597,0.597,3.8,5.5,0.7,2.7,7.8,10.5,1.6,1.0,1.2,1.6,3.5,12.2
59,Aaron Gordon,PF,28,DEN,12,12,37.1,5.8,9.8,0.585,0.9,2.3,0.407,4.8,7.6,0.637,0.631,1.9,2.3,0.821,3.0,4.3,7.3,4.4,0.8,0.6,1.5,2.3,14.3
60,Eric Gordon,SG,35,PHO,4,0,29.5,2.3,7.0,0.321,1.8,4.3,0.412,0.5,2.8,0.182,0.446,1.8,2.0,0.875,0.3,1.5,1.8,1.3,1.3,0.5,1.0,1.3,8.0
61,A.J. Green,SG,24,MIL,6,0,11.2,1.0,2.7,0.375,0.3,1.8,0.182,0.7,0.8,0.8,0.438,0.5,0.5,1.0,0.0,1.5,1.5,0.3,0.0,0.0,0.2,1.5,2.8
62,Josh Green,SG,23,DAL,13,0,17.0,1.7,4.2,0.407,1.1,3.2,0.341,0.6,1.0,0.615,0.537,0.7,0.8,0.818,0.9,1.6,2.5,1.2,0.8,0.2,0.3,1.5,5.2
63,Rui Hachimura,PF,25,LAL,5,5,30.4,3.0,7.6,0.395,1.0,2.8,0.357,2.0,4.8,0.417,0.461,0.8,1.6,0.5,1.2,2.6,3.8,0.8,0.0,0.0,0.4,1.6,7.8
64,Tyrese Haliburton,PG,23,IND,14,14,35.3,7.2,14.8,0.488,3.6,9.6,0.381,3.6,5.2,0.685,0.611,1.2,1.4,0.85,0.9,4.0,4.9,8.2,1.3,0.7,2.2,1.0,19.3
65,Tim Hardaway Jr.,SF,31,DAL,9,0,13.9,1.9,4.7,0.405,0.9,2.7,0.333,1.0,2.0,0.5,0.5,0.4,0.7,0.667,0.2,1.9,2.1,0.4,0.4,0.1,0.2,0.8,5.1
66,James Harden,PG,34,LAC,6,6,40.3,6.7,14.8,0.449,3.0,7.8,0.383,3.7,7.0,0.524,0.551,4.8,5.3,0.906,0.5,4.0,4.5,8.0,1.0,1.0,2.3,2.2,21.2
67,Jaden Hardy,SG,21,DAL,10,0,5.3,0.9,2.8,0.321,0.3,1.2,0.25,0.6,1.6,0.375,0.375,0.3,0.5,0.6,0.1,0.4,0.5,1.1,0.2,0.0,0.2,0.5,2.4
68,Gary Harris,SG,29,ORL,6,6,26.5,1.3,4.7,0.286,1.2,3.7,0.318,0.2,1.0,0.167,0.411,0.3,0.3,1.0,0.8,1.2,2.0,0.7,1.2,0.5,0.3,3.0,4.2
69,Tobias Harris,PF,31,PHI,6,6,36.3,3.7,8.5,0.431,1.0,3.0,0.333,2.7,5.5,0.485,0.49,0.7,0.7,1.0,1.5,5.7,7.2,1.5,0.2,0.5,0.5,1.8,9.0
70,Josh Hart,SF,28,NYK,13,13,42.2,5.1,11.5,0.44,1.7,4.5,0.373,3.4,7.0,0.484,0.513,2.7,3.7,0.729,2.8,8.7,11.5,4.5,1.0,0.8,2.6,3.2,14.5
71,Isaiah Hartenstein,C,25,NYK,13,13,29.8,3.5,5.8,0.592,0.1,0.2,0.5,3.4,5.7,0.595,0.599,1.5,1.7,0.864,3.8,4.1,7.8,3.5,0.3,0.9,1.5,3.2,8.5
72,Sam Hauser,SF,26,BOS,11,0,14.1,1.8,3.9,0.465,1.4,3.3,0.417,0.5,0.6,0.714,0.64,0.0,0.0,0.0,0.3,1.5,1.8,0.4,0.2,0.1,0.2,0.9,5.0
73,Jordan Hawkins,SG,21,NOP,3,0,4.0,0.0,1.3,0.0,0.0,1.0,0.0,0.0,0.3,0.0,0.0,0.0,0.0,0.0,0.0,0.7,0.7,0.0,0.0,0.0,0.0,0.3,0.0
74,Jaxson Hayes,C,23,LAL,4,0,6.0,0.0,0.5,0.0,0.0,0.0,0.0,0.0,0.5,0.0,0.0,0.3,0.5,0.5,0.8,2.3,3.0,0.3,0.0,0.0,0.5,1.8,0.3
75,Gordon Hayward,SF,33,OKC,7,0,6.6,0.0,0.4,0.0,0.0,0.0,0.0,0.0,0.4,0.0,0.0,0.0,0.0,0.0,0.1,1.7,1.9,0.4,0.1,0.1,0.0,0.3,0.0
76,Tyler Herro,SG,24,MIA,5,5,37.0,6.0,15.6,0.385,3.0,8.6,0.349,3.0,7.0,0.429,0.481,1.8,2.0,0.9,0.0,3.6,3.6,5.4,0.4,0.0,2.8,2.0,16.8
77,Buddy Hield,SG,31,PHI,4,0,12.8,1.8,4.3,0.412,1.5,3.3,0.462,0.3,1.0,0.25,0.588,0.5,0.5,1.0,0.5,0.8,1.3,0.5,0.0,0.3,0.5,1.0,5.5
78,Haywood Highsmith,PF,27,MIA,5,0,25.2,2.0,5.6,0.357,0.6,3.2,0.188,1.4,2.4,0.583,0.411,0.2,0.2,1.0,0.4,2.4,2.8,1.6,0.2,0.2,0.8,2.8,4.8
79,Jrue Holiday,PG,33,BOS,11,11,38.1,4.5,9.7,0.467,1.9,4.7,0.404,2.6,5.0,0.527,0.565,1.0,1.1,0.917,1.7,3.5,5.2,4.5,1.4,0.7,1.5,1.8,12.0
80,Justin Holiday,SG,34,DEN,12,0,12.5,0.9,2.9,0.314,0.9,2.4,0.379,0.0,0.5,0.0,0.471,0.2,0.3,0.5,0.1,1.6,1.7,0.3,0.5,0.0,0.3,1.3,2.9
81,Chet Holmgren,C,21,OKC,10,10,34.5,5.9,11.9,0.496,1.3,5.0,0.26,4.6,6.9,0.667,0.55,2.5,3.3,0.758,1.4,5.8,7.2,2.1,0.7,2.5,1.9,2.6,15.6
82,Al Horford,C,37,BOS,11,7,29.6,3.6,8.1,0.449,1.7,5.6,0.306,1.9,2.5,0.778,0.556,0.4,0.6,0.571,1.9,5.3,7.2,2.0,0.5,0.8,0.6,1.4,9.4
83,Caleb Houstan,SF,21,ORL,3,0,4.7,0.3,0.7,0.5,0.3,0.7,0.5,0.0,0.0,0.0,0.75,0.0,0.0,0.0,0.3,0.3,0.7,0.0,0.0,0.0,0.0,0.0,1.0
84,Jett Howard,SF,20,ORL,2,0,5.0,1.0,1.5,0.667,0.5,0.5,1.0,0.5,1.0,0.5,0.833,0.0,0.0,0.0,0.0,0.5,0.5,0.5,0.0,0.0,1.0,0.5,2.5
85,Bones Hyland,PG,23,LAC,3,0,4.0,1.0,2.3,0.429,0.3,1.7,0.2,0.7,0.7,1.0,0.5,1.3,1.3,1.0,0.0,0.7,0.7,1.3,0.0,0.0,0.3,0.0,3.7
86,Joe Ingles,SF,36,ORL,7,0,9.7,0.6,1.7,0.333,0.3,1.0,0.286,0.3,0.7,0.4,0.417,0.1,0.3,0.5,0.3,1.6,1.9,1.7,0.4,0.0,0.0,0.4,1.6
87,Brandon Ingram,SF,26,NOP,4,4,36.3,4.8,13.8,0.345,0.5,2.0,0.25,4.3,11.8,0.362,0.364,4.3,4.8,0.895,0.3,4.3,4.5,3.3,1.0,1.3,2.3,2.0,14.3
88,Kyrie Irving,SG,31,DAL,13,13,40.2,8.2,16.8,0.486,2.5,6.0,0.423,5.6,10.8,0.521,0.562,2.9,3.4,0.864,1.2,2.9,4.1,5.3,1.3,0.5,2.5,3.2,21.8
89,Jonathan Isaac,PF,26,ORL,7,3,21.0,2.3,5.6,0.41,1.4,3.9,0.37,0.9,1.7,0.5,0.538,0.3,0.3,1.0,1.4,3.4,4.9,0.4,0.7,1.3,0.6,1.0,6.3
90,Andre Jackson Jr.,SG,22,MIL,5,0,12.0,1.0,2.2,0.455,0.4,1.2,0.333,0.6,1.0,0.6,0.545,0.0,0.0,0.0,1.0,1.2,2.2,2.0,1.0,0.2,0.6,2.0,2.4
91,Isaiah Jackson,C,22,IND,12,0,9.7,1.6,2.7,0.594,0.0,0.0,0.0,1.6,2.7,0.594,0.594,0.8,1.3,0.625,1.1,1.7,2.8,0.6,0.3,0.8,0.3,1.8,4.0
92,Reggie Jackson,PG,33,DEN,12,0,9.8,1.3,4.0,0.333,0.7,1.9,0.348,0.7,2.1,0.32,0.417,0.2,0.2,1.0,0.2,1.1,1.3,1.0,0.2,0.1,0.7,1.0,3.5
93,LeBron James,PF,39,LAL,5,5,40.8,11.2,19.8,0.566,2.0,5.2,0.385,9.2,14.6,0.63,0.616,3.4,4.6,0.739,0.8,6.0,6.8,8.8,2.4,1.0,3.8,2.2,27.8
94,Jaime Jaquez Jr.,SF,22,MIA,4,4,30.8,5.3,13.0,0.404,0.8,3.3,0.231,4.5,9.8,0.462,0.433,1.5,1.8,0.857,0.5,2.8,3.3,3.0,0.8,0.5,1.8,1.5,12.8
95,DaQuan Jeffries,SG,26,NYK,4,0,5.0,0.8,2.0,0.375,0.5,1.3,0.4,0.3,0.8,0.333,0.5,0.0,0.0,0.0,0.3,0.8,1.0,0.0,0.3,0.0,0.0,0.5,2.0
96,Isaiah Joe,SG,24,OKC,10,2,17.3,2.4,5.4,0.444,1.6,3.9,0.41,0.8,1.5,0.533,0.593,0.0,0.0,0.0,0.4,1.8,2.2,1.0,0.5,0.0,0.5,1.0,6.4
97,James Johnson,PF,36,IND,1,0,1.0,0.0,0.0,0.0,0.0,0.0,0.0,0.0,0.0,0.0,0.0,1.0,2.0,0.5,0.0,0.0,0.0,0.0,0.0,0.0,1.0,0.0,1.0
98,Nikola Joki?,C,28,DEN,12,12,40.2,11.1,20.3,0.545,1.2,4.4,0.264,9.9,15.9,0.623,0.574,5.3,5.9,0.901,3.6,9.8,13.4,8.7,1.4,0.7,3.3,2.7,28.7
99,Damian Jones,C,28,CLE,2,0,4.5,0.0,0.0,0.0,0.0,0.0,0.0,0.0,0.0,0.0,0.0,0.0,0.0,0.0,0.5,0.5,1.0,1.0,0.0,0.5,1.0,0.0,0.0
100,Derrick Jones Jr.,SF,26,DAL,13,13,30.8,4.2,8.4,0.505,1.2,3.2,0.357,3.1,5.2,0.597,0.573,1.0,1.5,0.684,1.8,2.0,3.8,1.2,0.4,1.3,0.9,2.8,10.6
101,Herbert Jones,SF,25,NOP,4,4,35.3,4.0,10.3,0.39,2.0,6.0,0.333,2.0,4.3,0.471,0.488,3.0,3.0,1.0,1.5,3.5,5.0,2.5,1.3,0.3,2.8,3.8,13.0
102,DeAndre Jordan,C,35,DEN,2,0,6.5,0.5,1.0,0.5,0.0,0.0,0.0,0.5,1.0,0.5,0.5,1.0,1.0,1.0,0.5,1.0,1.5,0.0,0.5,0.5,0.0,2.0,2.0
103,Nikola Jovi?,PF,20,MIA,5,5,25.6,3.2,7.2,0.444,1.8,4.4,0.409,1.4,2.8,0.5,0.569,1.2,1.4,0.857,0.4,6.2,6.6,2.2,1.0,0.6,1.2,1.8,9.4
104,Maxi Kleber,C,32,DAL,6,0,19.3,1.8,3.5,0.524,1.7,3.0,0.556,0.2,0.5,0.333,0.762,0.3,0.7,0.5,0.5,2.2,2.7,1.5,0.2,0.5,0.5,1.3,5.7
105,Luke Kornet,C,28,BOS,9,0,12.6,1.4,2.1,0.684,0.0,0.0,0.0,1.4,2.1,0.684,0.684,1.2,1.4,0.846,1.8,2.3,4.1,0.6,0.0,0.6,0.6,1.0,4.1
106,A.J. Lawson,SG,23,DAL,7,0,2.3,0.4,0.9,0.5,0.3,0.7,0.4,0.1,0.1,1.0,0.667,0.0,0.0,0.0,0.1,0.3,0.4,0.0,0.0,0.1,0.0,0.1,1.1
107,Kawhi Leonard,SF,32,LAC,2,2,29.5,5.5,12.0,0.458,0.0,2.5,0.0,5.5,9.5,0.579,0.458,1.0,1.5,0.667,1.5,6.5,8.0,2.0,2.0,0.5,2.0,1.5,12.0
108,Caris LeVert,SG,29,CLE,11,1,25.3,4.0,9.3,0.431,0.5,3.0,0.182,3.5,6.3,0.551,0.461,1.5,2.4,0.654,0.7,2.9,3.6,2.3,0.8,0.5,1.3,1.3,10.1
109,E.J. Liddell,PF,23,NOP,1,0,3.0,0.0,0.0,0.0,0.0,0.0,0.0,0.0,0.0,0.0,0.0,0.0,0.0,0.0,0.0,1.0,1.0,0.0,0.0,0.0,0.0,0.0,0.0
110,Damian Lillard,PG,33,MIL,4,4,39.0,8.5,20.3,0.42,5.0,12.0,0.417,3.5,8.3,0.424,0.543,9.3,9.5,0.974,0.5,2.8,3.3,5.0,1.0,0.0,2.3,2.0,31.3
111,Nassir Little,SF,23,PHO,4,0,3.5,0.8,1.3,0.6,0.3,0.8,0.333,0.5,0.5,1.0,0.7,0.0,0.0,0.0,0.0,0.3,0.3,0.0,0.0,0.0,0.0,0.5,1.8
112,Dereck Lively II,C,19,DAL,13,0,22.1,3.1,5.1,0.606,0.0,0.0,0.0,3.1,5.1,0.606,0.606,2.2,3.5,0.609,2.7,4.6,7.3,1.4,0.4,1.2,1.2,2.2,8.3
113,Chris Livingston,SF,20,MIL,2,0,3.0,0.5,0.5,1.0,0.0,0.0,0.0,0.5,0.5,1.0,1.0,0.0,1.5,0.0,0.0,0.0,0.0,0.0,0.0,0.0,0.0,0.0,1.0
114,Brook Lopez,C,35,MIL,6,6,33.3,7.3,12.5,0.587,1.7,3.8,0.435,5.7,8.7,0.654,0.653,1.3,2.5,0.533,1.8,2.5,4.3,1.8,0.0,1.3,1.5,1.7,17.7
115,Kevin Love,PF,35,MIA,5,0,6.4,0.8,1.8,0.444,0.2,0.8,0.25,0.6,1.0,0.6,0.5,0.0,0.0,0.0,0.2,2.6,2.8,0.8,0.0,0.0,0.4,0.4,1.8
116,Kyle Lowry,PG,37,PHI,6,6,29.2,1.8,5.3,0.344,1.3,4.0,0.333,0.5,1.3,0.375,0.469,2.0,2.5,0.8,1.0,2.5,3.5,4.0,1.0,0.7,0.7,3.8,7.0
117,Terance Mann,SG,27,LAC,6,6,31.2,3.2,7.7,0.413,1.7,3.7,0.455,1.5,4.0,0.375,0.522,1.3,1.3,1.0,2.8,2.2,5.0,1.8,0.0,0.0,0.8,3.2,9.3
118,Naji Marshall,SF,26,NOP,4,0,21.0,3.0,7.0,0.429,1.5,3.8,0.4,1.5,3.3,0.462,0.536,1.5,1.5,1.0,0.8,2.0,2.8,1.3,0.5,0.5,0.5,2.3,9.0
119,Caleb Martin,SF,28,MIA,5,5,35.2,4.2,9.0,0.467,2.2,5.0,0.44,2.0,4.0,0.5,0.589,1.0,1.0,1.0,1.0,2.6,3.6,1.4,0.6,0.0,0.6,2.8,11.6
120,Tyrese Maxey,PG,23,PHI,6,6,44.5,11.0,23.0,0.478,3.7,9.2,0.4,7.3,13.8,0.53,0.558,4.2,4.7,0.893,0.2,5.0,5.2,6.8,0.8,0.3,2.2,2.7,29.8
121,Miles McBride,PG,23,NYK,13,2,26.7,4.2,9.5,0.435,1.9,5.2,0.368,2.2,4.3,0.518,0.536,0.8,0.9,0.833,0.5,1.7,2.2,1.9,0.5,0.2,0.8,2.3,11.0
122,CJ McCollum,PG,32,NOP,4,4,37.0,7.8,18.5,0.419,1.8,7.3,0.241,6.0,11.3,0.533,0.466,0.5,0.5,1.0,0.5,4.3,4.8,4.8,1.8,0.8,4.0,3.5,17.8
123,T.J. McConnell,PG,31,IND,14,0,19.8,4.9,10.1,0.486,0.4,1.4,0.25,4.6,8.7,0.525,0.504,0.7,0.8,0.909,0.5,1.9,2.4,5.2,0.9,0.1,1.2,1.4,10.9
124,Jaden McDaniels,SF,23,MIN,12,12,34.0,4.8,9.3,0.518,1.4,3.4,0.415,3.4,5.9,0.577,0.594,2.3,2.9,0.771,2.3,2.2,4.4,1.3,1.0,1.1,1.2,3.3,13.3
125,Doug McDermott,SF,32,IND,7,0,5.0,0.3,1.0,0.286,0.3,0.9,0.333,0.0,0.1,0.0,0.429,0.0,0.0,0.0,0.1,0.0,0.1,0.1,0.0,0.0,0.1,0.3,0.9
126,Jordan McLaughlin,PG,27,MIN,5,0,4.8,0.4,1.2,0.333,0.0,0.8,0.0,0.4,0.4,1.0,0.333,0.0,0.4,0.0,0.0,0.8,0.8,0.4,0.0,0.0,0.4,0.2,0.8
127,De'Anthony Melton,SG,25,PHI,1,0,7.0,0.0,2.0,0.0,0.0,2.0,0.0,0.0,0.0,0.0,0.0,0.0,0.0,0.0,0.0,1.0,1.0,1.0,0.0,0.0,0.0,1.0,0.0
128,Sam Merrill,SG,27,CLE,10,0,12.5,1.0,2.9,0.345,1.0,2.7,0.37,0.0,0.2,0.0,0.517,0.3,0.3,1.0,0.2,1.0,1.2,0.9,0.0,0.0,0.0,0.9,3.3
129,Khris Middleton,SF,32,MIL,6,6,38.3,9.2,19.0,0.482,1.8,5.2,0.355,7.3,13.8,0.53,0.531,4.5,5.0,0.9,2.0,7.2,9.2,4.7,0.5,0.2,2.3,4.2,24.7
130,Leonard Miller,SF,20,MIN,2,0,2.0,0.0,0.5,0.0,0.0,0.5,0.0,0.0,0.0,0.0,0.0,0.0,0.0,0.0,0.0,1.0,1.0,0.0,0.0,0.0,0.0,0.0,0.0
131,Patty Mills,PG,35,MIA,3,0,17.3,2.0,5.7,0.353,1.0,3.7,0.273,1.0,2.0,0.5,0.441,1.0,1.3,0.75,0.3,0.0,0.3,1.0,0.3,0.0,0.3,0.7,6.0
132,Shake Milton,SG,27,NYK,4,0,5.5,0.0,1.5,0.0,0.0,0.5,0.0,0.0,1.0,0.0,0.0,1.3,1.5,0.833,0.0,0.3,0.3,0.5,0.3,0.0,0.0,0.0,1.3
133,Josh Minott,SF,21,MIN,4,0,3.8,0.5,1.8,0.286,0.5,1.0,0.5,0.0,0.8,0.0,0.429,0.0,0.0,0.0,0.3,1.0,1.3,0.5,0.0,0.0,0.0,0.5,1.5
134,Donovan Mitchell,SG,27,CLE,10,10,38.2,10.7,22.5,0.476,2.9,8.2,0.354,7.8,14.3,0.545,0.54,5.3,6.5,0.815,0.6,4.8,5.4,4.7,1.3,0.3,2.8,2.9,29.6
135,Evan Mobley,PF,22,CLE,12,12,35.2,6.8,12.2,0.555,0.4,1.5,0.278,6.3,10.7,0.594,0.572,2.1,3.0,0.694,2.5,6.8,9.3,2.3,0.8,2.2,1.8,2.8,16.0
136,Wendell Moore Jr.,SG,22,MIN,5,0,3.0,0.2,0.8,0.25,0.0,0.4,0.0,0.2,0.4,0.5,0.25,0.0,0.0,0.0,0.0,0.4,0.4,0.4,0.2,0.0,0.2,0.4,0.4
137,Marcus Morris,PF,34,CLE,9,1,15.3,2.4,5.3,0.458,1.0,2.6,0.391,1.4,2.8,0.52,0.552,0.2,0.3,0.667,0.2,2.6,2.8,0.3,0.4,0.0,0.3,0.9,6.1
138,Monte Morris,PG,28,MIN,8,0,8.3,1.1,3.8,0.3,0.1,1.8,0.071,1.0,2.0,0.5,0.317,0.3,0.3,1.0,0.1,0.6,0.8,1.1,0.3,0.1,0.0,0.8,2.6
139,Trey Murphy III,SF,23,NOP,4,4,42.0,4.5,12.0,0.375,2.5,7.5,0.333,2.0,4.5,0.444,0.479,0.0,0.0,0.0,0.8,5.8,6.5,2.3,1.3,1.5,2.0,3.0,11.5
140,Jamal Murray,PG,26,DEN,12,12,38.5,8.3,20.8,0.402,1.9,6.1,0.315,6.4,14.7,0.438,0.448,2.0,2.2,0.923,0.8,3.6,4.3,5.6,0.8,0.5,2.6,2.3,20.6
141,Svi Mykhailiuk,SF,26,BOS,4,0,4.3,0.0,0.8,0.0,0.0,0.8,0.0,0.0,0.0,0.0,0.0,0.0,0.0,0.0,0.3,0.5,0.8,0.3,0.3,0.0,0.5,0.5,0.0
142,Larry Nance Jr.,C,31,NOP,4,0,21.0,2.5,4.3,0.588,0.3,1.0,0.25,2.3,3.3,0.692,0.618,1.0,1.5,0.667,3.8,4.5,8.3,1.8,0.5,0.0,1.8,2.3,6.3
143,Andrew Nembhard,PG,24,IND,14,14,32.1,5.3,9.4,0.565,1.5,3.1,0.488,3.8,6.3,0.602,0.645,0.9,1.2,0.706,0.8,2.4,3.1,5.0,0.3,0.2,1.2,3.4,12.9
144,Aaron Nesmith,SF,24,IND,14,14,33.2,3.7,8.5,0.437,1.4,4.9,0.294,2.3,3.6,0.627,0.521,1.9,2.1,0.931,1.3,3.7,5.0,2.2,0.6,0.6,1.4,4.0,10.8
145,Georges Niang,PF,30,CLE,10,0,12.1,0.9,4.1,0.22,0.3,2.3,0.13,0.6,1.8,0.333,0.256,0.7,0.8,0.875,0.3,0.9,1.2,0.4,0.4,0.2,0.7,1.8,2.8
146,Zeke Nnaji,PF,23,DEN,3,0,4.7,0.7,1.0,0.667,0.0,0.0,0.0,0.7,1.0,0.667,0.667,0.3,0.7,0.5,0.7,0.0,0.7,0.0,0.0,0.3,0.7,0.3,1.7
147,Jusuf Nurki?,C,29,PHO,4,4,26.0,3.3,6.5,0.5,0.0,0.5,0.0,3.3,6.0,0.542,0.5,1.3,2.8,0.455,3.3,5.0,8.3,2.8,1.5,1.5,1.5,3.8,7.8
148,Royce O'Neale,SF,30,PHO,4,2,26.0,1.8,5.5,0.318,1.5,4.5,0.333,0.3,1.0,0.25,0.455,0.0,0.0,0.0,1.3,3.5,4.8,1.0,0.3,0.0,0.5,2.8,5.0
149,Chuma Okeke,SF,25,ORL,2,0,5.0,1.0,1.5,0.667,0.5,1.0,0.5,0.5,0.5,1.0,0.833,0.5,0.5,1.0,0.0,0.0,0.0,0.5,0.0,0.0,0.0,0.0,3.0
150,Josh Okogie,SG,25,PHO,4,0,7.3,1.3,2.3,0.556,0.3,0.8,0.333,1.0,1.5,0.667,0.611,0.8,1.5,0.5,0.0,1.0,1.0,0.5,0.5,0.0,0.5,1.8,3.5
151,Isaac Okoro,SF,23,CLE,12,7,21.9,2.1,5.8,0.357,0.8,2.9,0.257,1.3,2.9,0.457,0.421,0.6,0.8,0.778,0.4,1.3,1.8,1.1,0.9,0.3,0.9,2.5,5.5
152,Kelly Oubre Jr.,SF,28,PHI,6,6,37.3,5.2,10.7,0.484,1.5,3.8,0.391,3.7,6.8,0.537,0.555,1.3,1.8,0.727,1.5,2.5,4.0,1.7,1.8,1.2,1.3,4.0,13.2
153,Cameron Payne,PG,29,PHI,5,0,12.2,2.0,5.0,0.4,1.6,3.6,0.444,0.4,1.4,0.286,0.56,0.0,0.0,0.0,0.0,1.2,1.2,1.4,0.2,0.8,0.6,2.0,5.6
154,Jalen Pickett,SG,24,DEN,3,0,3.7,0.7,1.0,0.667,0.0,0.3,0.0,0.7,0.7,1.0,0.667,0.0,0.0,0.0,0.0,0.3,0.3,0.3,0.0,0.3,0.0,0.3,1.3
155,Mason Plumlee,C,33,LAC,6,0,11.0,1.2,3.0,0.389,0.0,0.0,0.0,1.2,3.0,0.389,0.389,0.8,1.3,0.625,1.2,2.2,3.3,0.7,0.5,0.3,0.3,2.2,3.2
156,Michael Porter Jr.,SF,25,DEN,12,12,36.9,5.7,12.2,0.466,2.8,6.8,0.407,2.9,5.4,0.538,0.579,1.7,2.2,0.769,0.7,6.2,6.8,1.1,0.9,0.8,1.5,2.3,15.8
157,Bobby Portis,PF,28,MIL,6,6,31.2,7.3,15.2,0.484,0.5,2.0,0.25,6.8,13.2,0.519,0.5,1.3,2.2,0.615,2.7,8.7,11.3,1.0,0.5,0.2,1.5,2.2,16.5
158,Kristaps Porzi??is,C,28,BOS,4,4,26.3,3.5,9.0,0.389,2.0,5.0,0.4,1.5,4.0,0.375,0.5,3.3,3.5,0.929,1.0,4.0,5.0,1.8,1.3,1.5,1.0,2.5,12.3
159,Dwight Powell,C,32,DAL,7,0,2.1,0.0,0.0,0.0,0.0,0.0,0.0,0.0,0.0,0.0,0.0,0.3,0.6,0.5,0.3,0.4,0.7,0.1,0.0,0.0,0.0,0.4,0.3
160,Norman Powell,SG,30,LAC,6,0,29.8,4.3,10.2,0.426,2.2,4.8,0.448,2.2,5.3,0.406,0.533,2.0,2.5,0.8,0.5,2.3,2.8,0.3,0.5,0.0,1.2,3.3,12.8
161,Taurean Prince,PF,29,LAL,5,0,22.2,2.4,5.8,0.414,1.0,3.4,0.294,1.4,2.4,0.583,0.5,1.6,1.6,1.0,0.2,2.2,2.4,0.6,0.2,0.4,0.2,1.8,7.4
162,Payton Pritchard,PG,26,BOS,11,0,22.8,2.8,6.0,0.47,1.5,3.5,0.447,1.3,2.5,0.5,0.598,0.6,0.7,0.875,0.9,1.4,2.3,2.5,0.3,0.0,0.8,1.2,7.8
163,Olivier-Maxence Prosper,PF,21,DAL,1,0,1.0,0.0,0.0,0.0,0.0,0.0,0.0,0.0,0.0,0.0,0.0,0.0,0.0,0.0,0.0,0.0,0.0,0.0,0.0,0.0,0.0,0.0,0.0
164,Neemias Queta,C,24,BOS,2,0,4.0,0.5,1.0,0.5,0.0,0.0,0.0,0.5,1.0,0.5,0.5,0.0,0.0,0.0,0.5,1.0,1.5,0.0,0.0,0.0,0.0,0.0,1.0
165,Austin Reaves,SG,25,LAL,5,5,34.8,6.0,12.6,0.476,1.4,5.2,0.269,4.6,7.4,0.622,0.532,3.4,3.8,0.895,1.0,2.8,3.8,3.6,1.4,0.6,0.8,1.6,16.8
166,Paul Reed,C,24,PHI,6,0,7.2,0.7,1.5,0.444,0.0,0.0,0.0,0.7,1.5,0.444,0.444,0.2,0.3,0.5,1.5,1.2,2.7,0.3,0.2,0.5,0.5,1.2,1.5
167,Naz Reid,C,24,MIN,12,0,21.1,3.9,8.6,0.456,1.4,4.2,0.34,2.5,4.4,0.566,0.539,1.5,2.1,0.72,0.5,3.3,3.8,1.0,0.5,0.8,0.8,2.0,10.8
168,Duncan Robinson,SF,29,MIA,5,0,12.0,1.0,3.2,0.313,0.6,2.6,0.231,0.4,0.6,0.667,0.406,0.0,0.0,0.0,0.0,1.0,1.0,1.2,0.4,0.0,1.0,1.2,2.6
169,Mitchell Robinson,C,25,NYK,6,0,19.2,1.2,2.3,0.5,0.0,0.0,0.0,1.2,2.3,0.5,0.5,0.5,1.3,0.375,3.8,3.0,6.8,0.5,1.0,1.2,0.5,2.5,2.8
170,Orlando Robinson,C,23,MIA,1,0,2.0,0.0,1.0,0.0,0.0,1.0,0.0,0.0,0.0,0.0,0.0,0.0,0.0,0.0,0.0,1.0,1.0,1.0,0.0,0.0,0.0,0.0,0.0
171,Jeremiah Robinson-Earl,PF,23,NOP,1,0,5.0,1.0,2.0,0.5,0.0,0.0,0.0,1.0,2.0,0.5,0.5,0.0,2.0,0.0,1.0,0.0,1.0,1.0,0.0,0.0,0.0,0.0,2.0
172,David Roddy,PF,22,PHO,2,0,1.5,0.0,0.0,0.0,0.0,0.0,0.0,0.0,0.0,0.0,0.0,0.0,0.0,0.0,0.0,0.0,0.0,0.0,0.0,0.0,0.0,0.0,0.0
173,D'Angelo Russell,PG,27,LAL,5,5,37.0,5.6,14.6,0.384,2.8,8.8,0.318,2.8,5.8,0.483,0.479,0.2,0.4,0.5,0.2,2.6,2.8,4.2,0.8,0.2,1.8,1.2,14.2
174,Matt Ryan,SF,26,NOP,1,0,3.0,0.0,1.0,0.0,0.0,1.0,0.0,0.0,0.0,0.0,0.0,0.0,0.0,0.0,0.0,1.0,1.0,0.0,1.0,0.0,1.0,0.0,0.0
175,Ben Sheppard,SG,22,IND,14,0,18.9,1.9,4.1,0.474,1.3,2.9,0.439,0.6,1.1,0.563,0.632,0.4,0.6,0.75,0.4,2.6,3.1,1.1,0.4,0.1,0.7,1.6,5.6
176,Pascal Siakam,PF,29,IND,14,14,35.4,9.1,16.9,0.536,0.9,2.8,0.308,8.2,14.1,0.581,0.561,2.3,3.9,0.593,2.4,5.4,7.9,3.8,0.9,0.5,0.9,2.9,21.3
177,Jericho Sims,C,25,NYK,5,0,5.4,0.4,0.4,1.0,0.0,0.0,0.0,0.4,0.4,1.0,1.0,0.6,0.8,0.75,0.6,1.0,1.6,0.2,0.4,0.2,0.0,0.2,1.4
178,Jalen Smith,C,23,IND,6,0,6.0,0.3,0.8,0.4,0.2,0.3,0.5,0.2,0.5,0.333,0.5,0.7,1.0,0.667,1.0,1.0,2.0,0.3,0.2,0.2,0.5,1.0,1.5
179,Jaden Springer,PG,21,BOS,3,0,4.7,0.7,0.7,1.0,0.0,0.0,0.0,0.7,0.7,1.0,1.0,0.0,0.0,0.0,0.0,0.3,0.3,0.3,0.0,0.3,0.7,0.3,1.3
180,Julian Strawther,SF,21,DEN,3,0,5.3,0.7,2.0,0.333,0.3,1.3,0.25,0.3,0.7,0.5,0.417,0.7,1.3,0.5,0.0,0.7,0.7,0.0,0.3,0.0,0.3,1.0,2.3
181,Max Strus,SF,27,CLE,12,12,36.2,3.5,8.6,0.408,2.1,6.0,0.347,1.4,2.6,0.548,0.529,0.4,0.4,1.0,0.7,4.7,5.3,2.9,0.8,0.0,1.3,3.4,9.5
182,Jalen Suggs,SG,22,ORL,7,7,33.1,4.7,11.7,0.402,2.0,6.9,0.292,2.7,4.9,0.559,0.488,3.3,4.3,0.767,1.6,3.6,5.1,3.3,1.3,0.4,2.9,2.6,14.7
183,Jayson Tatum,PF,25,BOS,11,11,39.7,8.1,18.6,0.434,1.8,6.5,0.278,6.3,12.1,0.519,0.483,7.4,8.5,0.862,0.7,9.8,10.5,5.6,1.2,0.7,2.3,2.9,25.4
184,Daniel Theis,C,31,LAC,1,0,4.0,1.0,1.0,1.0,1.0,1.0,1.0,0.0,0.0,0.0,1.5,0.0,0.0,0.0,0.0,1.0,1.0,0.0,0.0,0.0,0.0,0.0,3.0
185,Isaiah Thomas,PG,34,PHO,1,0,4.0,0.0,2.0,0.0,0.0,1.0,0.0,0.0,1.0,0.0,0.0,0.0,0.0,0.0,0.0,0.0,0.0,0.0,0.0,0.0,1.0,0.0,0.0
186,Tristan Thompson,C,32,CLE,10,0,8.7,0.7,1.6,0.438,0.0,0.0,0.0,0.7,1.6,0.438,0.438,0.1,0.2,0.5,1.0,1.0,2.0,1.0,0.1,0.5,0.2,0.9,1.5
187,Xavier Tillman Sr.,PF,25,BOS,3,0,8.3,0.7,0.7,1.0,0.0,0.0,0.0,0.7,0.7,1.0,1.0,0.0,0.0,0.0,0.0,2.0,2.0,0.7,0.7,0.3,0.0,1.0,1.3
188,Obi Toppin,PF,25,IND,14,0,19.2,4.4,8.1,0.544,1.2,3.6,0.34,3.2,4.6,0.703,0.618,1.2,1.5,0.81,0.6,3.8,4.4,1.7,0.4,0.4,0.7,1.3,11.3
189,Karl-Anthony Towns,PF,28,MIN,12,12,32.5,6.8,13.8,0.491,2.0,4.9,0.407,4.8,8.8,0.538,0.564,3.1,3.7,0.841,2.1,7.0,9.1,2.8,0.8,0.3,1.8,3.8,18.6
190,P.J. Tucker,PF,38,LAC,2,1,15.5,2.0,3.0,0.667,1.5,2.0,0.75,0.5,1.0,0.5,0.917,0.0,0.0,0.0,1.5,0.0,1.5,0.0,0.0,0.0,1.5,3.0,5.5
191,Myles Turner,C,27,IND,14,14,32.9,6.6,12.6,0.523,2.5,5.3,0.473,4.1,7.3,0.559,0.622,2.3,3.1,0.727,1.7,5.1,6.8,2.4,0.5,1.8,1.4,2.4,17.9
192,Hunter Tyson,PF,23,DEN,3,0,4.7,0.0,1.3,0.0,0.0,1.0,0.0,0.0,0.3,0.0,0.0,0.3,0.7,0.5,0.3,0.7,1.0,0.3,0.0,0.0,0.3,0.0,0.3
193,Jonas Valan?i?nas,C,31,NOP,4,4,22.5,5.5,10.5,0.524,0.0,0.3,0.0,5.5,10.3,0.537,0.524,3.5,4.3,0.824,4.5,6.5,11.0,1.3,0.5,0.0,2.5,2.3,14.5
194,Gabe Vincent,PG,27,LAL,5,0,13.8,0.6,2.4,0.25,0.2,1.4,0.143,0.4,1.0,0.4,0.292,0.0,0.0,0.0,0.2,1.4,1.6,0.6,0.4,0.0,0.6,1.6,1.4
195,Dean Wade,PF,27,CLE,3,1,21.0,1.3,4.3,0.308,1.0,3.3,0.3,0.3,1.0,0.333,0.423,0.0,0.0,0.0,0.3,1.7,2.0,1.7,0.3,0.7,0.7,1.3,3.7
196,Franz Wagner,SF,22,ORL,7,7,37.0,6.0,14.7,0.408,1.3,4.9,0.265,4.7,9.9,0.478,0.451,5.6,6.3,0.886,1.4,5.4,6.9,4.4,0.7,1.3,1.3,2.9,18.9
197,Moritz Wagner,C,26,ORL,7,0,15.0,2.3,5.1,0.444,0.3,1.3,0.222,2.0,3.9,0.519,0.472,1.4,2.4,0.588,1.6,2.9,4.4,0.3,0.9,0.4,1.1,3.0,6.3
198,Jarace Walker,PF,20,IND,8,0,3.3,0.3,0.9,0.286,0.0,0.3,0.0,0.3,0.6,0.4,0.286,0.1,0.3,0.5,0.0,0.3,0.3,0.5,0.1,0.1,0.6,0.1,0.6
199,Cason Wallace,SG,20,OKC,10,0,19.8,1.6,4.1,0.39,0.9,2.8,0.321,0.7,1.3,0.538,0.5,0.1,0.2,0.5,0.7,0.6,1.3,1.0,0.9,0.2,0.4,1.4,4.2
200,Jordan Walsh,SF,19,BOS,2,0,3.0,0.5,0.5,1.0,0.0,0.0,0.0,0.5,0.5,1.0,1.0,0.0,0.0,0.0,0.0,0.5,0.5,0.0,0.0,0.0,0.0,0.0,1.0
201,T.J. Warren,SF,30,MIN,3,0,3.7,0.0,0.7,0.0,0.0,0.3,0.0,0.0,0.3,0.0,0.0,0.0,0.0,0.0,0.7,0.3,1.0,0.3,0.0,0.0,0.0,0.0,0.0
202,P.J. Washington,PF,25,DAL,13,13,35.8,5.1,11.3,0.449,2.7,6.8,0.393,2.4,4.5,0.534,0.568,1.3,2.2,0.586,1.5,5.3,6.8,1.4,1.0,0.8,1.5,3.2,14.2
203,Lindy Waters III,SG,26,OKC,3,0,3.0,0.0,0.3,0.0,0.0,0.3,0.0,0.0,0.0,0.0,0.0,0.0,0.0,0.0,0.0,0.3,0.3,0.0,0.0,0.0,0.0,0.0,0.0
204,Peyton Watson,SF,21,DEN,10,0,9.0,0.6,2.4,0.25,0.3,1.2,0.25,0.3,1.2,0.25,0.313,0.3,0.6,0.5,0.2,1.3,1.5,0.4,0.0,0.6,0.3,0.9,1.8
205,Russell Westbrook,PG,35,LAC,6,0,19.0,2.2,8.3,0.26,0.7,2.8,0.235,1.5,5.5,0.273,0.3,1.3,2.2,0.615,1.0,3.2,4.2,1.7,1.2,0.5,1.7,1.8,6.3
206,Derrick White,SG,29,BOS,11,11,34.4,6.4,13.4,0.476,3.6,8.5,0.43,2.7,4.9,0.556,0.612,1.5,1.7,0.895,0.7,3.3,4.0,4.3,0.5,0.9,0.9,2.0,17.9
207,Aaron Wiggins,SG,25,OKC,10,0,15.7,2.3,4.7,0.489,0.6,2.0,0.3,1.7,2.7,0.63,0.553,1.0,1.1,0.909,0.9,2.3,3.2,1.0,0.6,0.3,0.9,0.8,6.2
208,Jalen Williams,PF,22,OKC,10,10,37.7,7.5,16.0,0.469,1.5,3.9,0.385,6.0,12.1,0.496,0.516,2.2,2.7,0.815,1.3,5.5,6.8,5.4,1.7,0.5,1.9,2.1,18.7
209,Jaylin Williams,C,21,OKC,10,0,12.7,1.6,3.3,0.485,0.9,2.2,0.409,0.7,1.1,0.636,0.621,0.3,0.4,0.75,0.4,2.8,3.2,1.5,0.4,0.3,0.3,1.1,4.4
210,Kenrich Williams,PF,29,OKC,7,0,4.6,0.3,1.1,0.25,0.0,0.7,0.0,0.3,0.4,0.667,0.25,0.0,0.0,0.0,0.1,1.0,1.1,0.4,0.1,0.0,0.0,0.4,0.6
211,Delon Wright,PG,31,MIA,4,1,26.8,3.0,5.0,0.6,1.5,2.5,0.6,1.5,2.5,0.6,0.75,0.5,0.5,1.0,0.5,2.5,3.0,1.8,1.0,0.3,0.0,1.3,8.0
212,Thaddeus Young,PF,35,PHO,1,0,4.0,0.0,0.0,0.0,0.0,0.0,0.0,0.0,0.0,0.0,0.0,0.0,0.0,0.0,0.0,0.0,0.0,0.0,0.0,0.0,0.0,0.0,0.0
213,Ivica Zubac,C,26,LAC,6,6,32.0,7.0,11.7,0.6,0.0,0.0,0.0,7.0,11.7,0.6,0.6,2.2,3.3,0.65,3.0,6.3,9.3,1.0,0.8,0.5,1.3,3.5,16.2
